questionresponse_id,question_response,is_active,is_deleted ,created_on,modified_on,created_by,user,modifeid_by,questionmaster_id
dfab13b2-d2c3-40b8-995d-841e09ef4c67,,t,f,2019-10-09 16:10:35.164651+00,,40d31bfe-5297-46d6-9f27-995066b5a2ce,d13dd692-a728-4e8b-9541-4afbfc4fafac,,5b0b9031-b6a2-43bf-8200-fd034af63a76
c898d774-9b2e-4484-bc85-ef20dcd5fdb7,I am supervisor,t,f,2019-07-24 14:28:57.088478+00,,1513fa97-5297-43f2-9d32-77672c07fb8f,947368a3-6508-4ddd-8ddd-1607067d07de,947368a3-6508-4ddd-8ddd-1607067d07de,de08cbf3-1b6a-4d26-ab17-5fc037db296a
02b6321c-9301-4ba3-9faf-c582fd1e50b3,I am supervisor,t,f,2018-12-28 14:28:41.266925+00,,6c01d9ab-be46-4aa5-bf7f-889bc68daf30,6c01d9ab-be46-4aa5-bf7f-889bc68daf30,947368a3-6508-4ddd-8ddd-1607067d07de,de08cbf3-1b6a-4d26-ab17-5fc037db296a
103a0d6b-1e15-4816-9e7a-6a0869e93f71,I am supervisor,t,f,2019-04-16 21:08:04.521893+00,,f5037f58-23fb-4758-ab94-e70e199c051d,f5037f58-23fb-4758-ab94-e70e199c051d,947368a3-6508-4ddd-8ddd-1607067d07de,de08cbf3-1b6a-4d26-ab17-5fc037db296a
ca3e101a-0d6a-4d7f-81c6-1614ab5a2880,,t,f,2019-10-28 19:40:36.1664+00,,8c23d84f-882b-45ef-9f95-5d620df3a6b7,38283f9b-980b-4eb1-b2ad-7272c7509f6c,,715b4dd9-f77f-4dc9-917c-9cce896f514a
56533608-eade-4cb6-9441-41cacc12c599,I graduated from UPenn with a major in Biology and Marketing. ,t,f,2018-12-28 14:27:15.970817+00,,39ecef25-3921-4972-8847-0185874d64de,39ecef25-3921-4972-8847-0185874d64de,,06f3e114-83f3-43de-845f-2b3f556d3173
e280bffa-4023-496b-9d99-52b40456070f,"My goals for this internship is to expand my skillsets, make meaningful connections, and make new friends.",t,f,2018-12-28 14:27:16.033322+00,,39ecef25-3921-4972-8847-0185874d64de,39ecef25-3921-4972-8847-0185874d64de,,3e35a117-4b66-4404-b80d-f9684de71d7c
cf8009a9-08cc-4c42-9df9-9e045b165930,A solid understanding of how I can implement successful marketing tactics in large corporations.,t,f,2018-12-28 14:27:16.095821+00,,39ecef25-3921-4972-8847-0185874d64de,39ecef25-3921-4972-8847-0185874d64de,,795e9126-6434-472e-b3b1-32f158c32525
2bcc4224-23f7-4b81-8c84-5c734a4ebe2b,I'm super excited for the opportunity to intern here!,t,f,2018-12-28 14:27:16.158329+00,,39ecef25-3921-4972-8847-0185874d64de,39ecef25-3921-4972-8847-0185874d64de,,715b4dd9-f77f-4dc9-917c-9cce896f514a
